txn_id,from_account,to_account,amount,timestamp,mode
TXN000304,165585239868,48016245650609,4687,2026-06-01T03:00:11+05:30,NEFT
TXN000168,918785191088,19380262067,10718,2026-06-01T03:29:06+05:30,IMPS
TXN000033,82489638346578,982258713971,58558,2026-06-01T08:02:12+05:30,IMPS
TXN000444,918785191088,4973348434437,31767,2026-06-01T10:17:42+05:30,RTGS
TXN000539,3017426841459,28743152742054,62234,2026-06-01T10:39:41+05:30,NEFT
TXN000295,41574733848,918785191088,29661,2026-06-01T11:52:08+05:30,RTGS
TXN000299,2199330833016,28743152742054,18944,2026-06-01T17:57:36+05:30,RTGS
TXN000689,584168784991,9526949588879,36409,2026-06-01T18:47:28+05:30,NEFT
TXN000524,7120826773454,982258713971,5985,2026-06-02T07:47:01+05:30,RTGS
TXN000204,3046374549904,982258713971,91644,2026-06-02T19:57:46+05:30,NEFT
TXN000329,165585239868,96325953278774,83733,2026-06-02T23:45:30+05:30,NEFT
TXN000753,82489638346578,2199330833016,20199,2026-06-03T04:29:33+05:30,RTGS
TXN000521,7120826773454,296685161227,99359,2026-06-03T05:29:43+05:30,RTGS
TXN000311,90784473647102,96001338908,10040,2026-06-03T07:17:38+05:30,NEFT
TXN000490,7120826773454,28743152742054,84739,2026-06-03T09:37:51+05:30,UPI
TXN000543,4973348434437,7120826773454,94967,2026-06-04T02:17:17+05:30,IMPS
TXN000466,82489638346578,07286790874064,66549,2026-06-04T04:11:19+05:30,IMPS
TXN000264,41574733848,19380262067,71841,2026-06-04T04:50:59+05:30,UPI
TXN000202,53714732104,96001338908,53485,2026-06-04T05:27:20+05:30,UPI
TXN000729,982258713971,4973348434437,39908,2026-06-04T05:34:37+05:30,IMPS
TXN000757,54235116155940,01687339500479,97293,2026-06-04T06:03:14+05:30,RTGS
TXN000520,075626368970,00257872982,82493,2026-06-04T12:11:11+05:30,RTGS
TXN000549,3017426841459,4973348434437,46945,2026-06-04T17:35:54+05:30,IMPS
TXN000477,2199330833016,07286790874064,842,2026-06-04T19:48:11+05:30,UPI
TXN000604,9526949588879,075626368970,13116,2026-06-05T08:03:00+05:30,UPI
TXN000673,3046374549904,327279568783,81995,2026-06-05T11:31:02+05:30,RTGS
TXN000324,00257872982,03413164752,95905,2026-06-05T16:56:43+05:30,RTGS
TXN000478,96001338908,00257872982,87541,2026-06-05T19:38:42+05:30,UPI
TXN000641,7584419866524,82489638346578,35132,2026-06-05T20:13:40+05:30,RTGS
TXN000557,165585239868,299590010943,91188,2026-06-05T23:06:03+05:30,NEFT
TXN000452,19380262067,982258713971,89341,2026-06-06T00:46:13+05:30,NEFT
TXN000002,96325953278774,39106518017,44244,2026-06-06T05:48:48+05:30,IMPS
TXN000367,584168784991,097289623091,72254,2026-06-06T08:01:44+05:30,RTGS
TXN000595,7584419866524,7120826773454,26255,2026-06-06T11:36:26+05:30,NEFT
TXN000756,19380262067,3046374549904,27757,2026-06-06T18:24:01+05:30,UPI
TXN000420,28743152742054,3046374549904,9430,2026-06-06T22:43:31+05:30,NEFT
TXN000354,07286790874064,4973348434437,79628,2026-06-06T23:59:27+05:30,UPI
TXN000183,67735925556258,584168784991,45493,2026-06-07T04:04:21+05:30,IMPS
TXN000580,7120826773454,296685161227,80405,2026-06-07T04:57:08+05:30,UPI
TXN000357,28743152742054,3017426841459,65017,2026-06-07T05:06:29+05:30,NEFT
TXN000001,53714732104,39106518017,42183,2026-06-07T06:37:55+05:30,RTGS
TXN000532,01687339500479,584168784991,95468,2026-06-07T08:49:14+05:30,NEFT
TXN000491,90784473647102,9526949588879,68646,2026-06-07T11:36:29+05:30,NEFT
TXN000775,7120826773454,982258713971,20890,2026-06-07T12:19:12+05:30,NEFT
TXN000407,19380262067,82489638346578,15288,2026-06-07T12:58:06+05:30,IMPS
TXN000082,96001338908,01687339500479,98372,2026-06-07T17:09:42+05:30,IMPS
TXN000442,400499154788,2199330833016,42004,2026-06-07T18:15:18+05:30,NEFT
TXN000396,28743152742054,918785191088,18651,2026-06-08T01:59:02+05:30,IMPS
TXN000450,7055169409749,03413164752,19692,2026-06-08T02:31:46+05:30,UPI
TXN000267,53714732104,584168784991,26384,2026-06-08T06:02:01+05:30,RTGS
TXN000460,90784473647102,03413164752,76450,2026-06-08T08:57:00+05:30,NEFT
TXN000755,19380262067,2199330833016,12069,2026-06-08T09:09:57+05:30,NEFT
TXN000657,53714732104,96001338908,65982,2026-06-08T11:05:46+05:30,RTGS
TXN000159,82489638346578,7584419866524,22203,2026-06-08T11:14:33+05:30,UPI
TXN000553,097289623091,584168784991,25153,2026-06-08T15:18:46+05:30,UPI
TXN000007,96325953278774,39106518017,42708,2026-06-08T15:58:37+05:30,RTGS
TXN000269,838578652785,00257872982,8201,2026-06-08T18:02:05+05:30,NEFT
TXN000618,82489638346578,28743152742054,49168,2026-06-08T20:34:24+05:30,UPI
TXN000255,4973348434437,327279568783,99374,2026-06-08T21:27:05+05:30,IMPS
TXN000326,3017426841459,400499154788,6166,2026-06-09T01:23:27+05:30,RTGS
TXN000294,82489638346578,3046374549904,6114,2026-06-09T01:24:40+05:30,NEFT
TXN000589,2199330833016,3046374549904,81028,2026-06-09T02:17:32+05:30,UPI
TXN000374,400499154788,982258713971,65771,2026-06-09T03:14:25+05:30,UPI
TXN000736,327279568783,296685161227,44207,2026-06-09T03:52:19+05:30,IMPS
TXN000194,299590010943,097289623091,32377,2026-06-09T07:52:05+05:30,NEFT
TXN000346,90784473647102,96001338908,40088,2026-06-09T10:45:16+05:30,RTGS
TXN000483,19380262067,327279568783,2186,2026-06-09T16:20:18+05:30,UPI
TXN000785,296685161227,4973348434437,27210,2026-06-09T18:07:02+05:30,IMPS
TXN000008,838578652785,39106518017,43879,2026-06-09T18:34:40+05:30,IMPS
TXN000260,03413164752,01687339500479,71856,2026-06-09T20:22:25+05:30,UPI
TXN000528,584168784991,097289623091,90989,2026-06-09T22:25:33+05:30,NEFT
TXN000006,48016245650609,39106518017,49727,2026-06-09T23:03:44+05:30,IMPS
TXN000327,2199330833016,400499154788,54812,2026-06-10T01:14:58+05:30,IMPS
TXN000560,03413164752,96325953278774,42990,2026-06-10T02:29:34+05:30,UPI
TXN000684,3046374549904,2199330833016,2389,2026-06-10T03:22:21+05:30,UPI
TXN000651,918785191088,07286790874064,32383,2026-06-10T04:41:49+05:30,RTGS
TXN000564,7055169409749,01687339500479,50998,2026-06-10T06:27:26+05:30,IMPS
TXN000205,67735925556258,48016245650609,97611,2026-06-10T06:42:33+05:30,UPI
TXN000095,2199330833016,82489638346578,30300,2026-06-10T08:33:22+05:30,RTGS
TXN000670,01687339500479,165585239868,34343,2026-06-10T11:34:57+05:30,IMPS
TXN000004,01687339500479,39106518017,43933,2026-06-10T15:07:57+05:30,IMPS
TXN000123,7584419866524,28743152742054,72173,2026-06-10T16:28:37+05:30,IMPS
TXN000765,7584419866524,4973348434437,72277,2026-06-10T21:12:59+05:30,NEFT
TXN000009,53714732104,39106518017,48764,2026-06-11T06:20:02+05:30,NEFT
TXN000288,54235116155940,96001338908,48897,2026-06-11T06:55:14+05:30,NEFT
TXN000647,584168784991,67735925556258,18171,2026-06-11T08:03:33+05:30,RTGS
TXN000716,82489638346578,19380262067,92354,2026-06-11T08:08:37+05:30,RTGS
TXN000429,41574733848,19380262067,12743,2026-06-11T08:38:10+05:30,NEFT
TXN000585,41574733848,3046374549904,84715,2026-06-11T09:48:04+05:30,NEFT
TXN000253,54235116155940,299590010943,51569,2026-06-11T10:20:39+05:30,IMPS
TXN000003,075626368970,39106518017,49186,2026-06-11T14:12:42+05:30,IMPS
TXN000511,41574733848,327279568783,58278,2026-06-11T14:49:41+05:30,RTGS
TXN000005,075626368970,39106518017,46468,2026-06-11T16:08:09+05:30,RTGS
TXN000426,327279568783,2199330833016,59138,2026-06-11T16:17:41+05:30,RTGS
TXN000212,299590010943,54235116155940,10399,2026-06-12T01:20:25+05:30,IMPS
TXN000485,838578652785,7055169409749,68793,2026-06-12T01:32:29+05:30,UPI
TXN000644,96001338908,03413164752,70816,2026-06-12T02:08:05+05:30,RTGS
TXN000306,165585239868,299590010943,92844,2026-06-12T05:02:38+05:30,IMPS
TXN000688,3017426841459,07286790874064,12409,2026-06-12T10:59:44+05:30,RTGS
TXN000567,075626368970,01687339500479,69407,2026-06-12T12:11:27+05:30,RTGS
TXN000669,53714732104,00257872982,5391,2026-06-12T19:08:55+05:30,RTGS
TXN000265,96325953278774,48016245650609,19424,2026-06-12T20:15:58+05:30,IMPS
TXN000279,41574733848,3046374549904,50169,2026-06-12T20:32:48+05:30,NEFT
TXN000156,327279568783,7584419866524,95809,2026-06-12T21:03:12+05:30,NEFT
TXN000167,327279568783,400499154788,60751,2026-06-12T22:52:37+05:30,RTGS
TXN000010,39106518017,96001338908,411092,2026-06-13T11:08:09+05:30,IMPS
TXN000391,82489638346578,19380262067,76337,2026-06-13T14:01:19+05:30,RTGS
TXN000126,54235116155940,7055169409749,77326,2026-06-13T19:28:40+05:30,IMPS
TXN000037,296685161227,3017426841459,7531,2026-06-13T20:13:35+05:30,RTGS
TXN000066,7584419866524,19380262067,53030,2026-06-13T20:32:02+05:30,UPI
TXN000770,96001338908,165585239868,93825,2026-06-13T22:18:07+05:30,NEFT
TXN000190,3046374549904,41574733848,8826,2026-06-14T00:16:23+05:30,UPI
TXN000209,075626368970,90784473647102,17372,2026-06-14T04:09:55+05:30,IMPS
TXN000562,4973348434437,982258713971,55272,2026-06-14T04:13:58+05:30,RTGS
TXN000727,3046374549904,2199330833016,6471,2026-06-14T04:14:15+05:30,NEFT
TXN000713,54235116155940,584168784991,36409,2026-06-14T05:46:30+05:30,RTGS
TXN000628,4973348434437,7584419866524,96108,2026-06-14T13:44:02+05:30,IMPS
TXN000177,3017426841459,19380262067,40761,2026-06-14T14:29:08+05:30,RTGS
TXN000057,075626368970,838578652785,69490,2026-06-14T17:21:17+05:30,IMPS
TXN000127,2199330833016,296685161227,73223,2026-06-14T23:29:39+05:30,RTGS
TXN000737,48016245650609,075626368970,48848,2026-06-15T07:32:10+05:30,RTGS
TXN000121,097289623091,00257872982,10890,2026-06-15T15:42:37+05:30,IMPS
TXN000440,96001338908,53714732104,1346,2026-06-15T17:18:41+05:30,NEFT
TXN000074,28743152742054,7120826773454,14460,2026-06-15T22:37:39+05:30,IMPS
TXN000799,03413164752,075626368970,41708,2026-06-16T00:33:53+05:30,RTGS
TXN000302,67735925556258,838578652785,73384,2026-06-16T01:13:48+05:30,NEFT
TXN000372,838578652785,165585239868,77278,2026-06-16T01:54:14+05:30,UPI
TXN000590,400499154788,918785191088,81574,2026-06-16T02:37:13+05:30,IMPS
TXN000291,7055169409749,03413164752,60227,2026-06-16T03:39:05+05:30,RTGS
TXN000224,07286790874064,327279568783,51629,2026-06-16T07:28:54+05:30,NEFT
TXN000502,03413164752,00257872982,84370,2026-06-16T16:14:26+05:30,RTGS
TXN000055,296685161227,7584419866524,83989,2026-06-16T16:35:28+05:30,NEFT
TXN000681,48016245650609,90784473647102,85756,2026-06-17T15:58:31+05:30,IMPS
TXN000545,7055169409749,53714732104,37247,2026-06-17T17:17:26+05:30,IMPS
TXN000731,07286790874064,19380262067,98092,2026-06-17T17:47:24+05:30,RTGS
TXN000605,838578652785,90784473647102,59011,2026-06-17T18:00:29+05:30,UPI
TXN000746,982258713971,07286790874064,56599,2026-06-17T19:15:26+05:30,RTGS
TXN000573,400499154788,3046374549904,13601,2026-06-17T19:41:10+05:30,IMPS
TXN000218,982258713971,19380262067,1152,2026-06-17T19:43:52+05:30,NEFT
TXN000566,28743152742054,982258713971,13804,2026-06-17T20:58:58+05:30,RTGS
TXN000219,918785191088,41574733848,35577,2026-06-17T21:08:27+05:30,UPI
TXN000632,41574733848,3046374549904,39584,2026-06-17T21:43:09+05:30,UPI
TXN000695,67735925556258,54235116155940,83622,2026-06-17T22:36:48+05:30,IMPS
TXN000315,2199330833016,28743152742054,5272,2026-06-18T00:26:47+05:30,UPI
TXN000284,3046374549904,7584419866524,42859,2026-06-18T00:56:43+05:30,RTGS
TXN000760,3017426841459,41574733848,45320,2026-06-18T12:06:50+05:30,IMPS
TXN000617,838578652785,584168784991,14157,2026-06-18T12:08:14+05:30,IMPS
TXN000214,96325953278774,67735925556258,48160,2026-06-18T15:00:29+05:30,RTGS
TXN000245,48016245650609,7055169409749,52517,2026-06-18T20:37:10+05:30,NEFT
TXN000503,7120826773454,296685161227,21329,2026-06-18T20:55:36+05:30,RTGS
TXN000356,41574733848,19380262067,19665,2026-06-18T21:13:50+05:30,NEFT
TXN000555,7120826773454,19380262067,47419,2026-06-18T22:16:01+05:30,RTGS
TXN000351,48016245650609,165585239868,1494,2026-06-18T22:57:24+05:30,IMPS
TXN000277,296685161227,918785191088,56690,2026-06-19T04:57:31+05:30,UPI
TXN000786,7584419866524,28743152742054,88883,2026-06-19T05:50:06+05:30,UPI
TXN000512,07286790874064,28743152742054,76877,2026-06-19T07:10:09+05:30,UPI
TXN000690,48016245650609,097289623091,46578,2026-06-19T16:20:14+05:30,UPI
TXN000104,19380262067,4973348434437,58624,2026-06-19T16:29:13+05:30,UPI
TXN000375,2199330833016,296685161227,41337,2026-06-19T16:42:33+05:30,UPI
TXN000063,28743152742054,296685161227,51201,2026-06-19T17:15:04+05:30,IMPS
TXN000307,82489638346578,918785191088,41711,2026-06-19T20:36:42+05:30,NEFT
TXN000659,00257872982,96325953278774,91077,2026-06-19T21:08:52+05:30,RTGS
TXN000456,00257872982,075626368970,31240,2026-06-19T21:51:00+05:30,NEFT
TXN000787,165585239868,075626368970,49506,2026-06-19T23:46:12+05:30,NEFT
TXN000518,96001338908,90784473647102,77786,2026-06-20T01:07:31+05:30,UPI
TXN000239,00257872982,075626368970,86454,2026-06-20T02:25:26+05:30,RTGS
TXN000371,400499154788,7584419866524,20313,2026-06-20T06:21:28+05:30,RTGS
TXN000701,01687339500479,9526949588879,25576,2026-06-20T13:41:46+05:30,NEFT
TXN000076,82489638346578,7584419866524,26939,2026-06-20T13:44:27+05:30,RTGS
TXN000481,41574733848,19380262067,85919,2026-06-20T16:50:01+05:30,UPI
TXN000030,96001338908,0097882081219,24774,2026-06-20T18:46:35+05:30,RTGS
TXN000630,7120826773454,400499154788,56108,2026-06-20T21:12:12+05:30,IMPS
TXN000433,82489638346578,7120826773454,70795,2026-06-21T03:13:44+05:30,NEFT
TXN000480,838578652785,584168784991,37174,2026-06-21T05:46:25+05:30,IMPS
TXN000348,00257872982,838578652785,79683,2026-06-21T09:08:23+05:30,RTGS
TXN000333,90784473647102,01687339500479,23320,2026-06-21T15:22:29+05:30,NEFT
TXN000422,3046374549904,4973348434437,90560,2026-06-21T17:40:12+05:30,NEFT
TXN000105,327279568783,7584419866524,77879,2026-06-21T17:48:32+05:30,UPI
TXN000256,96325953278774,01687339500479,36138,2026-06-21T22:01:16+05:30,RTGS
TXN000182,48016245650609,54235116155940,3950,2026-06-22T00:05:23+05:30,NEFT
TXN000146,82489638346578,4973348434437,57123,2026-06-22T03:48:42+05:30,IMPS
TXN000406,19380262067,07286790874064,83093,2026-06-22T07:57:38+05:30,IMPS
TXN000637,96001338908,01687339500479,71447,2026-06-22T08:22:45+05:30,RTGS
TXN000783,075626368970,097289623091,85059,2026-06-22T21:49:35+05:30,NEFT
TXN000633,7120826773454,2199330833016,67524,2026-06-23T00:23:56+05:30,UPI
TXN000551,48016245650609,53714732104,45512,2026-06-23T00:53:31+05:30,UPI
TXN000522,2199330833016,7584419866524,21740,2026-06-23T01:05:33+05:30,IMPS
TXN000301,165585239868,67735925556258,18850,2026-06-23T06:28:02+05:30,IMPS
TXN000697,67735925556258,165585239868,31135,2026-06-23T11:55:47+05:30,RTGS
TXN000210,4973348434437,82489638346578,42379,2026-06-23T12:50:56+05:30,IMPS
TXN000772,01687339500479,67735925556258,92431,2026-06-23T14:09:41+05:30,IMPS
TXN000325,918785191088,400499154788,32034,2026-06-23T16:09:36+05:30,RTGS
TXN000622,918785191088,400499154788,10756,2026-06-23T22:40:57+05:30,RTGS
TXN000237,07286790874064,296685161227,84243,2026-06-23T22:46:06+05:30,UPI
TXN000186,48016245650609,097289623091,99463,2026-06-24T10:02:15+05:30,IMPS
TXN000164,296685161227,3046374549904,83982,2026-06-24T10:25:08+05:30,IMPS
TXN000489,918785191088,19380262067,12102,2026-06-24T12:55:46+05:30,RTGS
TXN000129,982258713971,07286790874064,6558,2026-06-24T13:19:23+05:30,NEFT
TXN000759,48016245650609,01687339500479,45510,2026-06-24T16:56:54+05:30,NEFT
TXN000606,584168784991,299590010943,32440,2026-06-24T17:52:58+05:30,NEFT
TXN000041,7120826773454,82489638346578,5744,2026-06-24T19:08:53+05:30,RTGS
TXN000368,54235116155940,90784473647102,17807,2026-06-24T21:00:13+05:30,UPI
TXN000436,400499154788,7120826773454,31880,2026-06-25T00:38:07+05:30,IMPS
TXN000740,53714732104,9526949588879,28763,2026-06-25T15:13:56+05:30,NEFT
TXN000578,96325953278774,299590010943,32785,2026-06-25T19:00:45+05:30,IMPS
TXN000184,296685161227,982258713971,90067,2026-06-25T20:05:56+05:30,RTGS
TXN000207,299590010943,584168784991,10381,2026-06-25T20:44:36+05:30,NEFT
TXN000492,982258713971,07286790874064,91910,2026-06-25T21:32:09+05:30,RTGS
TXN000049,90784473647102,96325953278774,77895,2026-06-25T23:27:32+05:30,RTGS
TXN000741,19380262067,3046374549904,78505,2026-06-26T01:34:04+05:30,RTGS
TXN000619,01687339500479,48016245650609,47922,2026-06-26T04:46:33+05:30,NEFT
TXN000559,296685161227,7120826773454,11018,2026-06-26T04:46:53+05:30,RTGS
TXN000189,165585239868,03413164752,15502,2026-06-26T07:30:30+05:30,RTGS
TXN000266,3046374549904,2199330833016,73050,2026-06-26T08:29:03+05:30,IMPS
TXN000634,918785191088,41574733848,54981,2026-06-26T10:20:43+05:30,RTGS
TXN000249,53714732104,00257872982,75559,2026-06-26T11:07:13+05:30,UPI
TXN000119,00257872982,53714732104,66760,2026-06-26T14:10:23+05:30,RTGS
TXN000476,327279568783,28743152742054,44156,2026-06-26T14:51:38+05:30,IMPS
TXN000748,075626368970,097289623091,65498,2026-06-26T17:24:56+05:30,RTGS
TXN000143,96325953278774,48016245650609,82755,2026-06-26T22:10:38+05:30,NEFT
TXN000616,41574733848,19380262067,32146,2026-06-27T02:48:07+05:30,NEFT
TXN000234,838578652785,96325953278774,42964,2026-06-27T08:31:56+05:30,IMPS
TXN000174,2199330833016,3046374549904,40402,2026-06-27T19:18:31+05:30,RTGS
TXN000169,327279568783,982258713971,32024,2026-06-27T23:31:07+05:30,IMPS
TXN000686,96001338908,67735925556258,91349,2026-06-28T03:18:24+05:30,IMPS
TXN000414,96001338908,165585239868,55459,2026-06-28T04:17:17+05:30,UPI
TXN000699,96325953278774,48016245650609,17122,2026-06-28T05:28:43+05:30,IMPS
TXN000768,07286790874064,3046374549904,507,2026-06-28T05:59:41+05:30,RTGS
TXN000332,584168784991,96001338908,70165,2026-06-28T09:04:14+05:30,IMPS
TXN000043,918785191088,3017426841459,9802,2026-06-28T10:47:45+05:30,RTGS
TXN000373,00257872982,075626368970,94932,2026-06-28T14:53:43+05:30,NEFT
TXN000191,82489638346578,296685161227,42735,2026-06-28T17:03:53+05:30,IMPS
TXN000244,299590010943,90784473647102,16554,2026-06-28T17:12:17+05:30,RTGS
TXN000400,165585239868,299590010943,68624,2026-06-29T06:47:37+05:30,UPI
TXN000506,67735925556258,96001338908,61291,2026-06-29T07:05:24+05:30,IMPS
TXN000680,097289623091,96325953278774,93117,2026-06-29T12:27:01+05:30,UPI
TXN000451,01687339500479,90784473647102,25857,2026-06-29T15:52:24+05:30,NEFT
TXN000345,7120826773454,4973348434437,64118,2026-06-29T16:32:36+05:30,IMPS
TXN000800,48016245650609,03413164752,11923,2026-06-29T17:05:03+05:30,RTGS
TXN000290,165585239868,838578652785,66673,2026-06-29T18:17:52+05:30,IMPS
TXN000685,296685161227,2199330833016,22545,2026-06-29T18:58:01+05:30,NEFT
TXN000048,90784473647102,9526949588879,57715,2026-06-29T19:07:31+05:30,IMPS
TXN000629,327279568783,4973348434437,40074,2026-06-29T20:20:17+05:30,RTGS
TXN000152,96325953278774,838578652785,23444,2026-06-30T03:15:03+05:30,UPI
TXN000312,48016245650609,584168784991,32296,2026-06-30T06:02:19+05:30,UPI
TXN000687,82489638346578,3017426841459,79264,2026-06-30T20:52:38+05:30,RTGS
TXN000754,982258713971,7120826773454,11053,2026-06-30T21:59:03+05:30,RTGS
TXN000138,03413164752,48016245650609,8874,2026-06-30T23:01:02+05:30,RTGS
TXN000097,3017426841459,4973348434437,86523,2026-06-30T23:28:08+05:30,UPI
TXN000784,838578652785,9526949588879,54713,2026-07-01T02:34:15+05:30,RTGS
TXN000661,4973348434437,327279568783,6451,2026-07-01T03:27:10+05:30,UPI
TXN000607,4973348434437,07286790874064,71998,2026-07-01T03:31:39+05:30,IMPS
TXN000571,9526949588879,097289623091,8274,2026-07-01T04:08:02+05:30,NEFT
TXN000691,7055169409749,54235116155940,42432,2026-07-01T04:47:23+05:30,IMPS
TXN000561,296685161227,7120826773454,47355,2026-07-01T08:33:39+05:30,IMPS
TXN000671,3046374549904,41574733848,12796,2026-07-01T11:33:34+05:30,RTGS
TXN000387,3017426841459,3046374549904,51913,2026-07-01T11:42:31+05:30,RTGS
TXN000599,4973348434437,7584419866524,78415,2026-07-01T16:49:08+05:30,RTGS
TXN000448,075626368970,48016245650609,18877,2026-07-01T23:24:56+05:30,IMPS
TXN000694,53714732104,584168784991,50743,2026-07-02T00:32:49+05:30,NEFT
TXN000479,327279568783,07286790874064,2789,2026-07-02T00:47:26+05:30,UPI
TXN000508,982258713971,7584419866524,57363,2026-07-02T07:58:58+05:30,RTGS
TXN000062,82489638346578,327279568783,89556,2026-07-02T12:17:47+05:30,RTGS
TXN000720,918785191088,19380262067,95906,2026-07-02T15:09:04+05:30,UPI
TXN000303,838578652785,01687339500479,62240,2026-07-02T17:21:51+05:30,IMPS
TXN000710,9526949588879,838578652785,37643,2026-07-02T17:24:14+05:30,IMPS
TXN000724,918785191088,296685161227,68280,2026-07-02T19:31:03+05:30,UPI
TXN000252,9526949588879,96325953278774,29132,2026-07-02T21:46:43+05:30,IMPS
TXN000133,53714732104,299590010943,42823,2026-07-02T23:15:13+05:30,NEFT
TXN000640,097289623091,54235116155940,50740,2026-07-03T00:33:39+05:30,IMPS
TXN000199,918785191088,2199330833016,17391,2026-07-03T02:30:48+05:30,RTGS
TXN000081,67735925556258,54235116155940,91422,2026-07-03T07:26:39+05:30,UPI
TXN000216,918785191088,3046374549904,37633,2026-07-03T08:32:38+05:30,IMPS
TXN000222,165585239868,00257872982,12573,2026-07-03T11:41:38+05:30,IMPS
TXN000645,4973348434437,918785191088,63474,2026-07-03T11:49:40+05:30,RTGS
TXN000336,41574733848,7120826773454,70568,2026-07-03T19:40:56+05:30,NEFT
TXN000229,3046374549904,07286790874064,31082,2026-07-03T19:44:45+05:30,IMPS
TXN000232,2199330833016,07286790874064,14034,2026-07-03T21:21:20+05:30,RTGS
TXN000507,41574733848,7584419866524,42896,2026-07-04T03:30:57+05:30,RTGS
TXN000663,3046374549904,28743152742054,29979,2026-07-04T04:19:36+05:30,RTGS
TXN000335,41574733848,3017426841459,43884,2026-07-04T04:56:11+05:30,IMPS
TXN000706,2199330833016,28743152742054,43723,2026-07-04T08:28:20+05:30,UPI
TXN000320,3046374549904,28743152742054,42857,2026-07-04T10:41:52+05:30,RTGS
TXN000378,90784473647102,01687339500479,57824,2026-07-04T10:55:43+05:30,RTGS
TXN000153,3017426841459,4973348434437,72588,2026-07-04T16:28:27+05:30,NEFT
TXN000165,90784473647102,9526949588879,83654,2026-07-04T18:37:16+05:30,UPI
TXN000280,96325953278774,90784473647102,16093,2026-07-04T19:43:00+05:30,NEFT
TXN000421,01687339500479,96325953278774,8872,2026-07-04T20:13:45+05:30,RTGS
TXN000788,3046374549904,28743152742054,10793,2026-07-04T21:50:20+05:30,IMPS
TXN000734,19380262067,7120826773454,67628,2026-07-05T01:24:33+05:30,IMPS
TXN000424,296685161227,400499154788,42406,2026-07-05T04:50:01+05:30,UPI
TXN000554,90784473647102,96325953278774,86590,2026-07-05T05:36:03+05:30,UPI
TXN000614,54235116155940,838578652785,3532,2026-07-05T07:55:12+05:30,IMPS
TXN000750,3046374549904,7584419866524,77496,2026-07-05T09:12:35+05:30,IMPS
TXN000624,9526949588879,96325953278774,77131,2026-07-05T09:45:16+05:30,RTGS
TXN000431,097289623091,00257872982,57980,2026-07-05T14:07:03+05:30,IMPS
TXN000662,097289623091,67735925556258,79323,2026-07-05T16:28:10+05:30,NEFT
TXN000069,3046374549904,327279568783,99937,2026-07-05T19:18:17+05:30,RTGS
TXN000593,41574733848,327279568783,4026,2026-07-05T20:29:43+05:30,IMPS
TXN000347,7120826773454,982258713971,16126,2026-07-05T20:57:22+05:30,IMPS
TXN000791,67735925556258,00257872982,43792,2026-07-06T01:12:17+05:30,UPI
TXN000515,4973348434437,82489638346578,85891,2026-07-06T01:19:59+05:30,UPI
TXN000292,2199330833016,327279568783,86143,2026-07-06T02:38:52+05:30,RTGS
TXN000461,96001338908,7055169409749,3285,2026-07-06T03:09:42+05:30,NEFT
TXN000013,7055169409749,46226567661,40002,2026-07-06T09:30:14+05:30,RTGS
TXN000454,097289623091,299590010943,49809,2026-07-06T09:57:47+05:30,RTGS
TXN000012,299590010943,46226567661,49424,2026-07-06T13:40:41+05:30,NEFT
TXN000529,327279568783,3046374549904,78823,2026-07-06T16:17:13+05:30,RTGS
TXN000276,9526949588879,097289623091,67356,2026-07-06T18:40:22+05:30,RTGS
TXN000339,67735925556258,01687339500479,22066,2026-07-06T19:39:07+05:30,RTGS
TXN000397,48016245650609,9526949588879,86580,2026-07-07T01:04:14+05:30,UPI
TXN000583,400499154788,19380262067,81114,2026-07-07T04:00:58+05:30,IMPS
TXN000353,96325953278774,838578652785,28240,2026-07-07T06:43:06+05:30,IMPS
TXN000014,00257872982,46226567661,43094,2026-07-07T09:11:53+05:30,IMPS
TXN000771,3046374549904,296685161227,77330,2026-07-07T09:38:37+05:30,UPI
TXN000361,7584419866524,2199330833016,43950,2026-07-07T14:06:40+05:30,NEFT
TXN000635,01687339500479,00257872982,41550,2026-07-07T14:43:28+05:30,RTGS
TXN000211,67735925556258,54235116155940,49316,2026-07-07T16:17:34+05:30,IMPS
TXN000187,01687339500479,165585239868,36674,2026-07-07T16:44:06+05:30,UPI
TXN000015,165585239868,46226567661,44569,2026-07-07T18:43:12+05:30,IMPS
TXN000530,28743152742054,82489638346578,94919,2026-07-07T22:27:53+05:30,RTGS
TXN000412,7584419866524,3017426841459,27611,2026-07-08T00:14:18+05:30,UPI
TXN000071,82489638346578,07286790874064,7355,2026-07-08T12:24:42+05:30,RTGS
TXN000243,82489638346578,28743152742054,18841,2026-07-08T12:50:14+05:30,NEFT
TXN000342,584168784991,90784473647102,69360,2026-07-08T13:29:01+05:30,IMPS
TXN000059,584168784991,48016245650609,9333,2026-07-08T15:56:56+05:30,UPI
TXN000125,82489638346578,982258713971,53163,2026-07-08T16:09:40+05:30,UPI
TXN000016,53714732104,46226567661,44864,2026-07-09T00:02:15+05:30,UPI
TXN000417,299590010943,584168784991,38743,2026-07-09T00:16:17+05:30,UPI
TXN000719,982258713971,4973348434437,44634,2026-07-09T01:51:59+05:30,RTGS
TXN000236,96001338908,9526949588879,13773,2026-07-09T04:26:49+05:30,IMPS
TXN000064,7055169409749,90784473647102,26888,2026-07-09T08:21:00+05:30,UPI
TXN000505,7055169409749,00257872982,11723,2026-07-09T08:49:15+05:30,NEFT
TXN000620,07286790874064,7584419866524,81349,2026-07-09T09:24:49+05:30,NEFT
TXN000032,82489638346578,0097882081219,110331,2026-07-09T16:23:57+05:30,NEFT
TXN000217,48016245650609,67735925556258,66114,2026-07-09T19:25:59+05:30,NEFT
TXN000319,400499154788,918785191088,94936,2026-07-10T01:53:13+05:30,UPI
TXN000011,67735925556258,46226567661,43904,2026-07-10T03:54:27+05:30,IMPS
TXN000711,41574733848,918785191088,62146,2026-07-10T07:23:11+05:30,NEFT
TXN000247,296685161227,7120826773454,98889,2026-07-10T08:47:20+05:30,IMPS
TXN000455,327279568783,19380262067,60171,2026-07-10T11:43:31+05:30,NEFT
TXN000390,41574733848,82489638346578,40716,2026-07-10T11:54:12+05:30,IMPS
TXN000733,400499154788,327279568783,98627,2026-07-10T12:51:13+05:30,UPI
TXN000206,2199330833016,82489638346578,53415,2026-07-10T16:42:26+05:30,RTGS
TXN000314,296685161227,400499154788,73332,2026-07-10T19:20:48+05:30,RTGS
TXN000251,982258713971,4973348434437,81819,2026-07-10T19:21:52+05:30,RTGS
TXN000654,9526949588879,48016245650609,80296,2026-07-10T20:34:57+05:30,IMPS
TXN000108,3046374549904,296685161227,41448,2026-07-11T05:26:03+05:30,UPI
TXN000073,4973348434437,7120826773454,9844,2026-07-11T06:22:30+05:30,RTGS
TXN000739,53714732104,00257872982,43432,2026-07-11T06:54:45+05:30,IMPS
TXN000752,097289623091,00257872982,61544,2026-07-11T18:25:05+05:30,RTGS
TXN000103,28743152742054,7584419866524,60694,2026-07-11T18:38:51+05:30,RTGS
TXN000017,46226567661,96001338908,265857,2026-07-11T19:54:27+05:30,IMPS
TXN000114,7584419866524,3046374549904,58849,2026-07-11T20:20:49+05:30,RTGS
TXN000364,7055169409749,097289623091,56586,2026-07-11T20:20:56+05:30,RTGS
TXN000548,96325953278774,96001338908,8814,2026-07-11T22:39:20+05:30,IMPS
TXN000430,918785191088,327279568783,68311,2026-07-12T00:15:07+05:30,UPI
TXN000773,67735925556258,838578652785,65561,2026-07-12T01:13:33+05:30,NEFT
TXN000565,584168784991,097289623091,49593,2026-07-12T02:04:37+05:30,IMPS
TXN000208,96001338908,299590010943,53164,2026-07-12T04:57:30+05:30,IMPS
TXN000192,07286790874064,3046374549904,57574,2026-07-12T06:08:56+05:30,UPI
TXN000767,296685161227,400499154788,59309,2026-07-12T06:26:19+05:30,UPI
TXN000766,7055169409749,01687339500479,53163,2026-07-12T09:32:58+05:30,UPI
TXN000370,00257872982,097289623091,83417,2026-07-12T12:19:44+05:30,IMPS
TXN000439,584168784991,01687339500479,56247,2026-07-12T12:44:45+05:30,RTGS
TXN000039,3017426841459,28743152742054,22389,2026-07-12T13:22:36+05:30,RTGS
TXN000613,296685161227,3046374549904,64213,2026-07-12T14:16:09+05:30,RTGS
TXN000322,96001338908,9526949588879,79502,2026-07-12T17:47:55+05:30,UPI
TXN000541,296685161227,41574733848,96025,2026-07-12T19:25:32+05:30,NEFT
TXN000696,327279568783,3017426841459,50517,2026-07-13T00:27:20+05:30,RTGS
TXN000096,07286790874064,2199330833016,70307,2026-07-13T09:47:09+05:30,RTGS
TXN000743,53714732104,96325953278774,49099,2026-07-13T16:40:43+05:30,RTGS
TXN000388,918785191088,2199330833016,69828,2026-07-13T20:16:22+05:30,NEFT
TXN000579,3017426841459,327279568783,49138,2026-07-13T20:55:02+05:30,RTGS
TXN000158,41574733848,19380262067,8841,2026-07-13T21:49:34+05:30,UPI
TXN000362,296685161227,918785191088,32620,2026-07-14T02:27:00+05:30,UPI
TXN000140,53714732104,00257872982,70722,2026-07-14T02:31:26+05:30,UPI
TXN000747,00257872982,96325953278774,51934,2026-07-14T03:45:04+05:30,NEFT
TXN000384,296685161227,7584419866524,57002,2026-07-14T05:11:47+05:30,IMPS
TXN000405,327279568783,07286790874064,96162,2026-07-14T05:32:50+05:30,UPI
TXN000142,7055169409749,838578652785,81490,2026-07-14T08:12:27+05:30,UPI
TXN000113,838578652785,01687339500479,61581,2026-07-14T08:43:08+05:30,NEFT
TXN000358,296685161227,82489638346578,95801,2026-07-14T15:24:14+05:30,IMPS
TXN000642,299590010943,03413164752,71700,2026-07-14T20:27:00+05:30,IMPS
TXN000078,4973348434437,3017426841459,8826,2026-07-14T22:43:00+05:30,UPI
TXN000148,165585239868,097289623091,48479,2026-07-14T23:34:49+05:30,IMPS
TXN000220,400499154788,19380262067,98850,2026-07-15T01:28:13+05:30,RTGS
TXN000334,54235116155940,01687339500479,10987,2026-07-15T02:45:25+05:30,IMPS
TXN000563,838578652785,299590010943,54990,2026-07-15T05:41:20+05:30,IMPS
TXN000176,96325953278774,165585239868,8713,2026-07-15T11:02:01+05:30,NEFT
TXN000602,918785191088,3046374549904,90910,2026-07-15T14:06:09+05:30,NEFT
TXN000331,296685161227,2199330833016,39991,2026-07-15T15:29:10+05:30,RTGS
TXN000109,2199330833016,41574733848,18000,2026-07-15T16:16:10+05:30,IMPS
TXN000130,9526949588879,097289623091,43478,2026-07-15T16:26:26+05:30,RTGS
TXN000592,982258713971,41574733848,89549,2026-07-15T17:03:52+05:30,RTGS
TXN000652,299590010943,67735925556258,78668,2026-07-15T18:12:14+05:30,NEFT
TXN000517,07286790874064,7120826773454,84314,2026-07-15T22:59:51+05:30,UPI
TXN000087,48016245650609,584168784991,6036,2026-07-16T01:17:18+05:30,IMPS
TXN000317,82489638346578,3046374549904,30298,2026-07-16T02:44:03+05:30,UPI
TXN000029,0097882081219,96001338908,127385,2026-07-16T09:12:46+05:30,IMPS
TXN000094,28743152742054,296685161227,2801,2026-07-16T12:01:09+05:30,IMPS
TXN000070,41574733848,7584419866524,33892,2026-07-16T15:47:09+05:30,RTGS
TXN000678,53714732104,838578652785,81987,2026-07-16T16:16:16+05:30,IMPS
TXN000241,2199330833016,19380262067,8224,2026-07-16T18:44:43+05:30,IMPS
TXN000728,838578652785,9526949588879,9950,2026-07-16T18:58:29+05:30,IMPS
TXN000702,96325953278774,01687339500479,27853,2026-07-16T21:19:50+05:30,NEFT
TXN000226,296685161227,4973348434437,35443,2026-07-16T21:32:47+05:30,NEFT
TXN000144,296685161227,2199330833016,54503,2026-07-16T22:14:12+05:30,NEFT
TXN000615,01687339500479,299590010943,7100,2026-07-17T00:14:30+05:30,UPI
TXN000432,67735925556258,9526949588879,9107,2026-07-17T06:18:11+05:30,UPI
TXN000499,00257872982,097289623091,56486,2026-07-17T12:00:08+05:30,UPI
TXN000441,67735925556258,7055169409749,23931,2026-07-17T12:07:38+05:30,RTGS
TXN000161,48016245650609,01687339500479,88009,2026-07-17T13:20:44+05:30,RTGS
TXN000643,075626368970,67735925556258,37300,2026-07-17T14:02:53+05:30,UPI
TXN000664,838578652785,299590010943,20573,2026-07-17T18:44:35+05:30,NEFT
TXN000777,327279568783,82489638346578,40913,2026-07-18T01:05:29+05:30,NEFT
TXN000162,01687339500479,53714732104,91463,2026-07-18T06:27:02+05:30,RTGS
TXN000385,7584419866524,327279568783,19439,2026-07-18T08:46:37+05:30,IMPS
TXN000172,400499154788,982258713971,55678,2026-07-18T09:38:24+05:30,NEFT
TXN000789,7120826773454,3017426841459,16088,2026-07-18T11:21:28+05:30,NEFT
TXN000178,299590010943,00257872982,32787,2026-07-18T12:53:18+05:30,IMPS
TXN000088,327279568783,07286790874064,91110,2026-07-18T18:46:34+05:30,NEFT
TXN000650,96001338908,9526949588879,10588,2026-07-18T19:38:43+05:30,IMPS
TXN000399,82489638346578,2199330833016,45705,2026-07-18T20:10:58+05:30,RTGS
TXN000259,54235116155940,03413164752,57406,2026-07-18T22:13:36+05:30,IMPS
TXN000626,96001338908,165585239868,48138,2026-07-19T00:04:46+05:30,IMPS
TXN000380,097289623091,53714732104,90023,2026-07-19T05:56:10+05:30,RTGS
TXN000240,96001338908,96325953278774,3530,2026-07-19T06:20:00+05:30,IMPS
TXN000147,07286790874064,41574733848,99902,2026-07-19T09:50:36+05:30,IMPS
TXN000068,918785191088,2199330833016,43825,2026-07-19T11:21:55+05:30,RTGS
TXN000235,918785191088,28743152742054,43560,2026-07-19T13:34:36+05:30,RTGS
TXN000779,982258713971,3017426841459,97578,2026-07-19T13:52:58+05:30,NEFT
TXN000193,54235116155940,075626368970,49517,2026-07-19T17:51:27+05:30,UPI
TXN000203,53714732104,54235116155940,24750,2026-07-19T18:12:59+05:30,RTGS
TXN000035,3046374549904,7584419866524,82276,2026-07-19T21:03:41+05:30,NEFT
TXN000721,7584419866524,28743152742054,95916,2026-07-20T01:09:43+05:30,RTGS
TXN000472,327279568783,41574733848,93676,2026-07-20T01:34:04+05:30,RTGS
TXN000758,327279568783,7120826773454,95654,2026-07-20T03:37:34+05:30,IMPS
TXN000469,96325953278774,584168784991,38382,2026-07-20T06:47:38+05:30,IMPS
TXN000677,7584419866524,19380262067,52989,2026-07-20T08:14:37+05:30,UPI
TXN000149,7055169409749,96325953278774,14191,2026-07-20T10:09:30+05:30,RTGS
TXN000137,4973348434437,2199330833016,48687,2026-07-20T10:17:27+05:30,IMPS
TXN000588,19380262067,918785191088,21697,2026-07-20T10:36:01+05:30,UPI
TXN000419,53714732104,075626368970,96673,2026-07-20T11:23:12+05:30,UPI
TXN000128,96325953278774,01687339500479,93094,2026-07-20T15:36:13+05:30,RTGS
TXN000080,2199330833016,982258713971,28308,2026-07-20T18:39:53+05:30,RTGS
TXN000116,7055169409749,53714732104,61156,2026-07-20T22:08:44+05:30,UPI
TXN000423,075626368970,299590010943,36471,2026-07-21T00:09:25+05:30,IMPS
TXN000537,9526949588879,00257872982,39784,2026-07-21T06:03:39+05:30,NEFT
TXN000323,3017426841459,982258713971,20583,2026-07-21T11:16:22+05:30,RTGS
TXN000582,19380262067,982258713971,11651,2026-07-21T14:48:14+05:30,IMPS
TXN000790,4973348434437,327279568783,76172,2026-07-21T17:32:49+05:30,NEFT
TXN000098,28743152742054,982258713971,90511,2026-07-21T17:56:04+05:30,IMPS
TXN000310,4973348434437,296685161227,61364,2026-07-21T21:27:11+05:30,IMPS
TXN000135,2199330833016,3046374549904,12770,2026-07-21T22:52:01+05:30,RTGS
TXN000115,3046374549904,41574733848,78271,2026-07-21T22:56:44+05:30,UPI
TXN000682,41574733848,3017426841459,81335,2026-07-21T23:49:45+05:30,IMPS
TXN000501,400499154788,19380262067,71901,2026-07-22T01:35:10+05:30,NEFT
TXN000308,2199330833016,7584419866524,84796,2026-07-22T12:25:01+05:30,IMPS
TXN000196,400499154788,19380262067,63595,2026-07-22T22:18:56+05:30,RTGS
TXN000608,96001338908,299590010943,31304,2026-07-22T23:36:44+05:30,IMPS
TXN000533,918785191088,982258713971,72454,2026-07-23T02:02:25+05:30,RTGS
TXN000742,400499154788,41574733848,14256,2026-07-23T03:48:22+05:30,UPI
TXN000611,9526949588879,96001338908,31637,2026-07-23T04:23:53+05:30,UPI
TXN000674,3017426841459,982258713971,76429,2026-07-23T06:30:53+05:30,RTGS
TXN000434,01687339500479,165585239868,84861,2026-07-23T08:14:13+05:30,UPI
TXN000411,075626368970,67735925556258,91115,2026-07-23T10:53:27+05:30,RTGS
TXN000487,28743152742054,4973348434437,44422,2026-07-23T19:02:28+05:30,IMPS
TXN000321,296685161227,3017426841459,3233,2026-07-23T21:18:56+05:30,NEFT
TXN000258,48016245650609,54235116155940,74339,2026-07-23T23:05:46+05:30,NEFT
TXN000058,7055169409749,075626368970,84774,2026-07-24T00:21:23+05:30,RTGS
TXN000369,00257872982,097289623091,82559,2026-07-24T02:49:21+05:30,RTGS
TXN000283,00257872982,03413164752,53783,2026-07-24T04:37:25+05:30,NEFT
TXN000636,82489638346578,41574733848,49967,2026-07-24T12:24:15+05:30,IMPS
TXN000558,400499154788,28743152742054,25723,2026-07-24T18:55:49+05:30,NEFT
TXN000085,01687339500479,584168784991,20535,2026-07-24T21:47:59+05:30,NEFT
TXN000438,7055169409749,097289623091,44428,2026-07-25T07:51:53+05:30,UPI
TXN000540,67735925556258,9526949588879,80464,2026-07-25T10:52:53+05:30,IMPS
TXN000705,48016245650609,96325953278774,95849,2026-07-25T13:36:05+05:30,IMPS
TXN000223,327279568783,7120826773454,44083,2026-07-25T15:14:02+05:30,UPI
TXN000338,7120826773454,918785191088,65903,2026-07-25T16:07:01+05:30,RTGS
TXN000591,838578652785,96325953278774,52544,2026-07-26T01:40:19+05:30,UPI
TXN000471,48016245650609,00257872982,62365,2026-07-26T08:30:33+05:30,UPI
TXN000213,296685161227,41574733848,29811,2026-07-26T21:53:18+05:30,UPI
TXN000726,918785191088,07286790874064,93221,2026-07-26T23:36:30+05:30,IMPS
TXN000646,07286790874064,982258713971,37837,2026-07-27T11:18:30+05:30,RTGS
TXN000355,96001338908,67735925556258,93395,2026-07-27T11:36:57+05:30,NEFT
TXN000395,82489638346578,296685161227,58283,2026-07-27T17:32:00+05:30,IMPS
TXN000090,82489638346578,982258713971,44642,2026-07-27T17:55:56+05:30,UPI
TXN000496,2199330833016,4973348434437,73598,2026-07-27T18:03:09+05:30,UPI
TXN000586,9526949588879,90784473647102,90064,2026-07-27T18:05:32+05:30,UPI
TXN000179,19380262067,4973348434437,74897,2026-07-27T18:06:55+05:30,NEFT
TXN000763,54235116155940,96325953278774,40826,2026-07-27T18:56:56+05:30,NEFT
TXN000352,9526949588879,299590010943,88504,2026-07-27T19:14:20+05:30,UPI
TXN000584,54235116155940,67735925556258,87593,2026-07-27T19:44:41+05:30,RTGS
TXN000350,53714732104,299590010943,30728,2026-07-27T22:20:23+05:30,IMPS
TXN000463,07286790874064,327279568783,84456,2026-07-27T23:12:44+05:30,UPI
TXN000793,838578652785,53714732104,13227,2026-07-28T01:11:58+05:30,IMPS
TXN000715,918785191088,19380262067,59478,2026-07-28T04:34:09+05:30,NEFT
TXN000778,400499154788,41574733848,72820,2026-07-28T08:37:08+05:30,UPI
TXN000163,82489638346578,3017426841459,17337,2026-07-28T10:16:28+05:30,IMPS
TXN000516,67735925556258,01687339500479,35859,2026-07-28T16:58:22+05:30,IMPS
TXN000282,584168784991,54235116155940,54365,2026-07-28T22:40:21+05:30,RTGS
TXN000570,96001338908,96325953278774,81563,2026-07-29T00:46:19+05:30,NEFT
TXN000468,982258713971,07286790874064,44574,2026-07-29T01:08:45+05:30,RTGS
TXN000621,327279568783,918785191088,15558,2026-07-29T06:11:38+05:30,IMPS
TXN000470,07286790874064,982258713971,12199,2026-07-29T06:23:16+05:30,IMPS
TXN000612,400499154788,3017426841459,50356,2026-07-29T06:38:36+05:30,UPI
TXN000141,327279568783,918785191088,70468,2026-07-29T10:09:25+05:30,UPI
TXN000117,7584419866524,7120826773454,65264,2026-07-29T11:59:32+05:30,UPI
TXN000287,3017426841459,19380262067,51674,2026-07-29T16:36:29+05:30,NEFT
TXN000495,9526949588879,097289623091,27081,2026-07-29T16:57:38+05:30,RTGS
TXN000343,01687339500479,96001338908,18826,2026-07-29T17:59:13+05:30,RTGS
TXN000305,54235116155940,01687339500479,59793,2026-07-29T18:32:36+05:30,UPI
TXN000781,96001338908,53714732104,43401,2026-07-29T19:24:03+05:30,NEFT
TXN000497,2199330833016,3046374549904,55837,2026-07-29T21:01:26+05:30,IMPS
TXN000796,01687339500479,90784473647102,92719,2026-07-29T21:42:50+05:30,IMPS
TXN000576,54235116155940,90784473647102,48904,2026-07-30T00:17:32+05:30,IMPS
TXN000797,7120826773454,4973348434437,90826,2026-07-30T01:21:46+05:30,NEFT
TXN000086,53714732104,165585239868,51518,2026-07-30T03:59:18+05:30,NEFT
TXN000242,299590010943,01687339500479,70794,2026-07-30T13:39:45+05:30,RTGS
TXN000330,097289623091,00257872982,81235,2026-07-30T14:12:44+05:30,IMPS
TXN000660,96325953278774,03413164752,62130,2026-07-30T14:32:16+05:30,NEFT
TXN000173,299590010943,097289623091,59789,2026-07-30T15:20:55+05:30,UPI
TXN000175,01687339500479,48016245650609,4026,2026-07-30T21:12:17+05:30,IMPS
TXN000344,7120826773454,982258713971,90960,2026-07-30T22:15:56+05:30,UPI
TXN000318,299590010943,96325953278774,87093,2026-07-31T06:01:17+05:30,RTGS
TXN000792,982258713971,7120826773454,99839,2026-07-31T06:38:50+05:30,IMPS
TXN000568,7120826773454,82489638346578,77721,2026-07-31T08:03:05+05:30,UPI
TXN000415,53714732104,90784473647102,34782,2026-07-31T08:30:24+05:30,NEFT
TXN000221,01687339500479,165585239868,23745,2026-07-31T08:58:11+05:30,RTGS
TXN000459,19380262067,327279568783,60648,2026-07-31T14:21:30+05:30,IMPS
TXN000110,097289623091,299590010943,59523,2026-07-31T15:35:43+05:30,UPI
TXN000698,01687339500479,03413164752,9075,2026-07-31T16:37:03+05:30,IMPS
TXN000761,9526949588879,838578652785,4680,2026-08-01T07:01:49+05:30,UPI
TXN000285,7584419866524,82489638346578,18709,2026-08-01T10:59:20+05:30,NEFT
TXN000692,3046374549904,4973348434437,90202,2026-08-01T12:01:00+05:30,UPI
TXN000708,7120826773454,327279568783,73827,2026-08-01T12:23:55+05:30,NEFT
TXN000519,299590010943,90784473647102,45050,2026-08-01T12:26:30+05:30,UPI
TXN000523,19380262067,918785191088,16106,2026-08-01T13:17:56+05:30,UPI
TXN000527,400499154788,07286790874064,96808,2026-08-01T15:47:18+05:30,NEFT
TXN000083,82489638346578,296685161227,57288,2026-08-01T22:34:40+05:30,UPI
TXN000089,584168784991,097289623091,84414,2026-08-02T01:20:48+05:30,IMPS
TXN000309,9526949588879,48016245650609,15921,2026-08-02T02:16:29+05:30,NEFT
TXN000102,9526949588879,96001338908,97077,2026-08-02T09:53:27+05:30,NEFT
TXN000594,07286790874064,82489638346578,58443,2026-08-02T11:23:31+05:30,NEFT
TXN000486,4973348434437,7584419866524,69539,2026-08-02T11:55:23+05:30,IMPS
TXN000044,3046374549904,296685161227,64161,2026-08-02T16:33:50+05:30,IMPS
TXN000725,3046374549904,327279568783,2680,2026-08-02T16:37:13+05:30,NEFT
TXN000101,9526949588879,67735925556258,32572,2026-08-02T18:55:36+05:30,IMPS
TXN000498,918785191088,3017426841459,47158,2026-08-02T21:06:28+05:30,UPI
TXN000139,299590010943,90784473647102,30229,2026-08-02T22:21:39+05:30,NEFT
TXN000600,327279568783,82489638346578,31661,2026-08-02T23:17:13+05:30,UPI
TXN000401,82489638346578,41574733848,30669,2026-08-03T01:58:50+05:30,IMPS
TXN000749,28743152742054,3046374549904,38098,2026-08-03T02:45:25+05:30,IMPS
TXN000360,96325953278774,03413164752,50971,2026-08-03T04:40:57+05:30,RTGS
TXN000261,82489638346578,2199330833016,76304,2026-08-03T12:59:08+05:30,UPI
TXN000340,96325953278774,53714732104,29548,2026-08-03T19:17:29+05:30,IMPS
TXN000575,3017426841459,918785191088,12355,2026-08-03T20:15:02+05:30,NEFT
TXN000550,48016245650609,584168784991,3535,2026-08-03T21:05:47+05:30,IMPS
TXN000500,07286790874064,19380262067,16918,2026-08-03T21:43:18+05:30,IMPS
TXN000365,4973348434437,7120826773454,23672,2026-08-03T23:11:35+05:30,RTGS
TXN000437,7120826773454,19380262067,52952,2026-08-04T00:38:55+05:30,IMPS
TXN000151,3017426841459,982258713971,92934,2026-08-04T06:18:45+05:30,NEFT
TXN000722,299590010943,00257872982,64908,2026-08-04T07:00:21+05:30,NEFT
TXN000024,7584419866524,512868230047,40482,2026-08-05T00:33:01+05:30,RTGS
TXN000198,41574733848,82489638346578,81127,2026-08-05T04:26:50+05:30,RTGS
TXN000700,82489638346578,19380262067,56158,2026-08-05T09:00:48+05:30,IMPS
TXN000238,41574733848,7120826773454,29939,2026-08-05T10:05:34+05:30,UPI
TXN000458,67735925556258,48016245650609,18641,2026-08-05T11:36:55+05:30,RTGS
TXN000410,53714732104,9526949588879,59660,2026-08-05T14:29:01+05:30,RTGS
TXN000623,41574733848,3017426841459,99491,2026-08-05T14:33:51+05:30,RTGS
TXN000408,96001338908,54235116155940,94877,2026-08-05T14:56:08+05:30,NEFT
TXN000020,327279568783,512868230047,45604,2026-08-05T18:28:19+05:30,RTGS
TXN000363,48016245650609,165585239868,26165,2026-08-05T19:06:24+05:30,UPI
TXN000111,67735925556258,96325953278774,62303,2026-08-05T22:54:22+05:30,UPI
TXN000170,90784473647102,838578652785,18016,2026-08-06T00:37:47+05:30,IMPS
TXN000774,584168784991,01687339500479,63569,2026-08-06T01:28:05+05:30,IMPS
TXN000402,48016245650609,7055169409749,73310,2026-08-06T01:59:34+05:30,IMPS
TXN000026,2199330833016,512868230047,42535,2026-08-06T02:50:28+05:30,RTGS
TXN000257,07286790874064,3046374549904,27385,2026-08-06T13:40:58+05:30,NEFT
TXN000552,7055169409749,01687339500479,90124,2026-08-06T16:02:39+05:30,IMPS
TXN000764,7584419866524,4973348434437,79144,2026-08-06T22:29:58+05:30,RTGS
TXN000021,4973348434437,512868230047,47250,2026-08-06T23:07:43+05:30,RTGS
TXN000019,982258713971,512868230047,41377,2026-08-06T23:48:20+05:30,NEFT
TXN000018,4973348434437,512868230047,47917,2026-08-07T00:15:48+05:30,NEFT
TXN000131,53714732104,584168784991,46940,2026-08-07T01:01:16+05:30,RTGS
TXN000679,982258713971,82489638346578,63181,2026-08-07T05:26:00+05:30,IMPS
TXN000474,53714732104,03413164752,65361,2026-08-07T06:02:44+05:30,IMPS
TXN000723,7120826773454,41574733848,37735,2026-08-07T09:49:22+05:30,IMPS
TXN000658,3017426841459,41574733848,90057,2026-08-07T12:52:57+05:30,IMPS
TXN000056,982258713971,3017426841459,66562,2026-08-07T13:59:29+05:30,RTGS
TXN000656,00257872982,075626368970,22348,2026-08-07T17:45:26+05:30,UPI
TXN000233,67735925556258,7055169409749,85023,2026-08-07T18:05:24+05:30,RTGS
TXN000060,7584419866524,3017426841459,26705,2026-08-07T18:14:35+05:30,NEFT
TXN000227,96325953278774,00257872982,76732,2026-08-07T18:23:09+05:30,NEFT
TXN000045,075626368970,53714732104,77449,2026-08-07T20:44:52+05:30,RTGS
TXN000053,7055169409749,9526949588879,97665,2026-08-07T20:48:55+05:30,IMPS
TXN000052,01687339500479,96001338908,1035,2026-08-07T22:39:35+05:30,UPI
TXN000383,00257872982,165585239868,21952,2026-08-07T23:53:08+05:30,RTGS
TXN000526,918785191088,7584419866524,34521,2026-08-08T03:11:37+05:30,RTGS
TXN000464,584168784991,54235116155940,98177,2026-08-08T04:00:33+05:30,UPI
TXN000377,838578652785,90784473647102,32388,2026-08-08T06:11:58+05:30,UPI
TXN000435,918785191088,7120826773454,58136,2026-08-08T12:08:31+05:30,IMPS
TXN000488,96325953278774,54235116155940,34907,2026-08-08T13:44:41+05:30,IMPS
TXN000022,3046374549904,512868230047,49983,2026-08-08T18:38:03+05:30,UPI
TXN000457,82489638346578,07286790874064,81108,2026-08-09T06:20:32+05:30,NEFT
TXN000418,3017426841459,327279568783,70046,2026-08-09T10:59:29+05:30,UPI
TXN000091,9526949588879,96001338908,22596,2026-08-09T15:15:36+05:30,NEFT
TXN000404,01687339500479,584168784991,8892,2026-08-09T16:31:12+05:30,RTGS
TXN000467,3017426841459,28743152742054,75449,2026-08-09T16:31:12+05:30,IMPS
TXN000050,90784473647102,299590010943,21071,2026-08-09T18:27:42+05:30,UPI
TXN000300,7120826773454,41574733848,66232,2026-08-09T21:59:22+05:30,UPI
TXN000603,7584419866524,28743152742054,93690,2026-08-10T06:06:48+05:30,IMPS
TXN000610,00257872982,075626368970,16432,2026-08-10T06:15:40+05:30,RTGS
TXN000171,4973348434437,07286790874064,27862,2026-08-10T09:50:01+05:30,RTGS
TXN000027,3017426841459,512868230047,42466,2026-08-10T13:03:15+05:30,IMPS
TXN000359,96001338908,48016245650609,45605,2026-08-10T13:55:51+05:30,IMPS
TXN000023,2199330833016,512868230047,49029,2026-08-10T19:43:21+05:30,IMPS
TXN000714,01687339500479,48016245650609,97437,2026-08-10T20:23:04+05:30,RTGS
TXN000025,918785191088,512868230047,44658,2026-08-10T23:24:16+05:30,IMPS
TXN000403,53714732104,7055169409749,85055,2026-08-10T23:40:18+05:30,IMPS
TXN000544,327279568783,400499154788,22151,2026-08-11T03:35:09+05:30,UPI
TXN000215,53714732104,67735925556258,32384,2026-08-11T03:52:04+05:30,NEFT
TXN000683,9526949588879,96325953278774,24725,2026-08-11T05:13:28+05:30,IMPS
TXN000649,918785191088,7120826773454,68235,2026-08-11T15:07:38+05:30,UPI
TXN000132,097289623091,7055169409749,31449,2026-08-11T19:42:27+05:30,UPI
TXN000598,4973348434437,982258713971,28424,2026-08-12T07:27:14+05:30,NEFT
TXN000653,982258713971,918785191088,23831,2026-08-12T07:37:04+05:30,RTGS
TXN000028,512868230047,82489638346578,451301,2026-08-12T08:24:16+05:30,RTGS
TXN000061,327279568783,2199330833016,61781,2026-08-12T14:01:07+05:30,NEFT
TXN000248,299590010943,7055169409749,18678,2026-08-12T15:05:08+05:30,NEFT
TXN000581,296685161227,07286790874064,3682,2026-08-12T16:06:03+05:30,NEFT
TXN000675,01687339500479,54235116155940,74215,2026-08-12T17:53:54+05:30,IMPS
TXN000393,54235116155940,9526949588879,17064,2026-08-12T21:14:36+05:30,RTGS
TXN000099,96001338908,075626368970,68917,2026-08-13T06:22:46+05:30,IMPS
TXN000379,19380262067,7584419866524,63250,2026-08-13T07:11:51+05:30,NEFT
TXN000316,96001338908,00257872982,29599,2026-08-13T09:37:40+05:30,NEFT
TXN000453,982258713971,400499154788,12812,2026-08-13T12:50:58+05:30,RTGS
TXN000180,3046374549904,7120826773454,76868,2026-08-13T14:06:47+05:30,IMPS
TXN000718,7584419866524,4973348434437,3949,2026-08-13T15:56:23+05:30,IMPS
TXN000738,3017426841459,28743152742054,49789,2026-08-13T16:34:01+05:30,RTGS
TXN000732,7584419866524,3046374549904,54406,2026-08-13T20:18:20+05:30,IMPS
TXN000313,2199330833016,327279568783,67417,2026-08-13T21:08:35+05:30,UPI
TXN000118,3017426841459,28743152742054,80260,2026-08-13T23:50:05+05:30,RTGS
TXN000462,400499154788,19380262067,7062,2026-08-14T00:12:05+05:30,UPI
TXN000093,165585239868,075626368970,79204,2026-08-14T01:14:04+05:30,IMPS
TXN000794,7584419866524,28743152742054,94410,2026-08-14T07:34:46+05:30,UPI
TXN000075,296685161227,2199330833016,9506,2026-08-14T17:51:27+05:30,RTGS
TXN000609,400499154788,7584419866524,4632,2026-08-14T20:26:22+05:30,IMPS
TXN000409,2199330833016,19380262067,33677,2026-08-15T01:46:03+05:30,IMPS
TXN000254,82489638346578,4973348434437,53106,2026-08-15T08:22:32+05:30,IMPS
TXN000676,7055169409749,097289623091,83868,2026-08-15T09:08:33+05:30,IMPS
TXN000665,90784473647102,838578652785,42725,2026-08-15T10:59:50+05:30,NEFT
TXN000475,918785191088,7120826773454,19669,2026-08-15T14:27:22+05:30,IMPS
TXN000382,54235116155940,299590010943,13392,2026-08-15T15:04:09+05:30,NEFT
TXN000639,7120826773454,3017426841459,19501,2026-08-15T16:17:00+05:30,UPI
TXN000494,165585239868,53714732104,88887,2026-08-15T16:57:38+05:30,IMPS
TXN000449,327279568783,41574733848,643,2026-08-15T18:04:26+05:30,UPI
TXN000271,41574733848,07286790874064,18225,2026-08-15T23:48:07+05:30,UPI
TXN000366,7584419866524,07286790874064,3973,2026-08-16T02:16:40+05:30,IMPS
TXN000525,96001338908,90784473647102,34798,2026-08-16T06:20:21+05:30,IMPS
TXN000296,7120826773454,2199330833016,5811,2026-08-16T10:53:56+05:30,RTGS
TXN000547,584168784991,01687339500479,83722,2026-08-16T13:15:57+05:30,NEFT
TXN000601,82489638346578,296685161227,94718,2026-08-16T13:45:19+05:30,IMPS
TXN000542,165585239868,96001338908,95403,2026-08-16T17:52:18+05:30,NEFT
TXN000034,4973348434437,41574733848,50104,2026-08-17T10:28:25+05:30,UPI
TXN000197,299590010943,96001338908,64185,2026-08-17T12:28:51+05:30,UPI
TXN000092,2199330833016,3046374549904,6305,2026-08-17T19:28:08+05:30,IMPS
TXN000513,165585239868,00257872982,46495,2026-08-17T19:28:22+05:30,UPI
TXN000712,01687339500479,7055169409749,16831,2026-08-17T22:07:06+05:30,IMPS
TXN000273,67735925556258,075626368970,73329,2026-08-17T23:08:07+05:30,UPI
TXN000298,4973348434437,3046374549904,36144,2026-08-18T01:56:16+05:30,UPI
TXN000631,48016245650609,299590010943,9887,2026-08-18T05:02:05+05:30,RTGS
TXN000100,327279568783,3017426841459,67910,2026-08-18T06:04:17+05:30,NEFT
TXN000597,90784473647102,00257872982,97808,2026-08-18T08:15:07+05:30,IMPS
TXN000386,3046374549904,7120826773454,29415,2026-08-18T10:18:24+05:30,IMPS
TXN000596,3046374549904,82489638346578,1856,2026-08-18T12:47:27+05:30,IMPS
TXN000587,2199330833016,19380262067,45029,2026-08-18T12:52:07+05:30,UPI
TXN000538,90784473647102,96001338908,87400,2026-08-18T18:42:30+05:30,RTGS
TXN000704,075626368970,9526949588879,47944,2026-08-18T19:56:47+05:30,NEFT
TXN000473,296685161227,3046374549904,31965,2026-08-18T20:49:35+05:30,IMPS
TXN000297,96001338908,838578652785,84146,2026-08-18T21:48:00+05:30,RTGS
TXN000389,7120826773454,7584419866524,37027,2026-08-19T01:05:50+05:30,NEFT
TXN000124,41574733848,28743152742054,18039,2026-08-19T04:12:16+05:30,UPI
TXN000349,00257872982,96325953278774,17041,2026-08-19T13:21:21+05:30,NEFT
TXN000484,54235116155940,838578652785,69486,2026-08-19T16:29:55+05:30,IMPS
TXN000707,28743152742054,41574733848,45067,2026-08-19T17:31:01+05:30,UPI
TXN000136,075626368970,01687339500479,93680,2026-08-19T19:47:25+05:30,NEFT
TXN000036,48016245650609,03413164752,95910,2026-08-20T00:16:21+05:30,UPI
TXN000416,53714732104,165585239868,7042,2026-08-20T02:05:12+05:30,UPI
TXN000493,165585239868,96325953278774,10153,2026-08-20T09:51:58+05:30,UPI
TXN000465,03413164752,00257872982,93408,2026-08-20T11:15:12+05:30,IMPS
TXN000188,07286790874064,2199330833016,76555,2026-08-20T12:46:43+05:30,IMPS
TXN000150,54235116155940,90784473647102,74547,2026-08-20T13:43:43+05:30,UPI
TXN000376,96001338908,96325953278774,59948,2026-08-20T14:27:18+05:30,NEFT
TXN000263,90784473647102,075626368970,74139,2026-08-20T15:53:22+05:30,RTGS
TXN000504,918785191088,400499154788,67965,2026-08-20T15:54:36+05:30,UPI
TXN000246,2199330833016,3017426841459,76279,2026-08-20T17:10:49+05:30,IMPS
TXN000536,7120826773454,918785191088,55090,2026-08-20T18:59:30+05:30,RTGS
TXN000569,400499154788,4973348434437,79602,2026-08-20T19:18:06+05:30,RTGS
TXN000666,7055169409749,01687339500479,9640,2026-08-20T22:29:28+05:30,IMPS
TXN000077,82489638346578,28743152742054,31089,2026-08-21T05:10:48+05:30,NEFT
TXN000268,097289623091,299590010943,64156,2026-08-21T07:07:41+05:30,UPI
TXN000509,296685161227,82489638346578,72464,2026-08-21T10:05:25+05:30,IMPS
TXN000655,7584419866524,4973348434437,75729,2026-08-21T11:25:53+05:30,IMPS
TXN000274,7584419866524,4973348434437,17869,2026-08-21T14:14:01+05:30,RTGS
TXN000798,400499154788,327279568783,7318,2026-08-21T14:18:44+05:30,UPI
TXN000556,2199330833016,28743152742054,57402,2026-08-21T14:29:24+05:30,RTGS
TXN000514,7584419866524,3046374549904,15461,2026-08-21T16:52:06+05:30,NEFT
TXN000638,00257872982,96325953278774,90952,2026-08-21T20:11:27+05:30,UPI
TXN000667,7584419866524,3046374549904,97369,2026-08-21T20:25:54+05:30,NEFT
TXN000446,400499154788,28743152742054,94219,2026-08-22T00:05:11+05:30,IMPS
TXN000482,96325953278774,584168784991,55656,2026-08-22T01:01:45+05:30,IMPS
TXN000627,41574733848,07286790874064,71864,2026-08-22T03:28:47+05:30,RTGS
TXN000717,9526949588879,54235116155940,11641,2026-08-22T03:58:25+05:30,NEFT
TXN000155,48016245650609,838578652785,50871,2026-08-22T04:37:31+05:30,RTGS
TXN000042,075626368970,165585239868,83638,2026-08-22T05:32:07+05:30,RTGS
TXN000735,03413164752,96001338908,10915,2026-08-22T13:00:07+05:30,IMPS
TXN000181,097289623091,7055169409749,49734,2026-08-22T14:31:33+05:30,NEFT
TXN000648,299590010943,01687339500479,72102,2026-08-22T21:11:20+05:30,RTGS
TXN000762,01687339500479,7055169409749,4288,2026-08-23T01:22:58+05:30,UPI
TXN000072,918785191088,327279568783,70093,2026-08-23T02:14:33+05:30,IMPS
TXN000145,96325953278774,9526949588879,95609,2026-08-23T03:08:54+05:30,RTGS
TXN000769,327279568783,3046374549904,85814,2026-08-23T08:26:54+05:30,RTGS
TXN000392,327279568783,28743152742054,44252,2026-08-23T09:01:42+05:30,UPI
TXN000577,296685161227,7120826773454,6555,2026-08-23T09:39:50+05:30,IMPS
TXN000730,4973348434437,918785191088,89955,2026-08-23T10:13:58+05:30,IMPS
TXN000120,19380262067,28743152742054,3495,2026-08-23T14:50:42+05:30,IMPS
TXN000200,9526949588879,96001338908,19215,2026-08-23T20:37:29+05:30,RTGS
TXN000780,01687339500479,7055169409749,39720,2026-08-23T22:59:58+05:30,NEFT
TXN000709,07286790874064,918785191088,83279,2026-08-24T01:03:40+05:30,UPI
TXN000795,53714732104,03413164752,34342,2026-08-24T02:16:21+05:30,RTGS
TXN000745,7055169409749,48016245650609,37192,2026-08-24T02:49:40+05:30,NEFT
TXN000047,584168784991,838578652785,2362,2026-08-24T03:43:59+05:30,NEFT
TXN000038,82489638346578,3046374549904,85435,2026-08-24T07:50:59+05:30,RTGS
TXN000534,19380262067,3046374549904,98481,2026-08-24T17:15:39+05:30,NEFT
TXN000112,9526949588879,584168784991,36247,2026-08-24T18:03:12+05:30,RTGS
TXN000782,41574733848,82489638346578,98319,2026-08-24T20:00:41+05:30,IMPS
TXN000293,82489638346578,2199330833016,50671,2026-08-24T20:29:07+05:30,UPI
TXN000443,67735925556258,584168784991,16986,2026-08-24T22:24:12+05:30,NEFT
TXN000776,165585239868,03413164752,28848,2026-08-25T00:27:37+05:30,UPI
TXN000231,90784473647102,48016245650609,27048,2026-08-25T04:33:34+05:30,RTGS
TXN000084,07286790874064,918785191088,75978,2026-08-25T05:02:56+05:30,RTGS
TXN000751,982258713971,327279568783,33759,2026-08-25T06:18:07+05:30,UPI
TXN000065,838578652785,54235116155940,75726,2026-08-25T10:40:52+05:30,IMPS
TXN000230,2199330833016,327279568783,83572,2026-08-25T12:10:14+05:30,NEFT
TXN000079,9526949588879,53714732104,6474,2026-08-25T14:58:07+05:30,NEFT
TXN000744,097289623091,54235116155940,59284,2026-08-25T17:03:43+05:30,IMPS
TXN000270,41574733848,918785191088,92498,2026-08-25T19:18:33+05:30,UPI
TXN000445,96001338908,097289623091,16892,2026-08-26T00:31:55+05:30,UPI
TXN000107,2199330833016,07286790874064,19725,2026-08-26T01:21:16+05:30,RTGS
TXN000031,0097882081219,82489638346578,195310,2026-08-26T02:10:02+05:30,UPI
TXN000413,28743152742054,296685161227,37991,2026-08-26T11:22:15+05:30,RTGS
TXN000166,7120826773454,4973348434437,73615,2026-08-26T11:27:43+05:30,IMPS
TXN000160,7584419866524,3046374549904,38075,2026-08-26T12:44:25+05:30,UPI
TXN000398,90784473647102,53714732104,38865,2026-08-26T16:47:35+05:30,RTGS
TXN000672,54235116155940,96325953278774,1637,2026-08-26T20:55:59+05:30,RTGS
TXN000381,7584419866524,982258713971,45172,2026-08-26T22:42:19+05:30,IMPS
TXN000428,7055169409749,299590010943,53557,2026-08-27T03:13:41+05:30,IMPS
TXN000328,7584419866524,2199330833016,77537,2026-08-27T06:37:53+05:30,UPI
TXN000262,54235116155940,48016245650609,86503,2026-08-27T06:43:30+05:30,IMPS
TXN000067,9526949588879,584168784991,47204,2026-08-27T11:10:31+05:30,NEFT
TXN000693,00257872982,03413164752,87977,2026-08-27T13:23:16+05:30,UPI
TXN000703,075626368970,00257872982,57670,2026-08-27T15:02:49+05:30,NEFT
TXN000668,918785191088,982258713971,24027,2026-08-27T19:52:45+05:30,UPI
TXN000134,584168784991,7055169409749,89120,2026-08-27T20:57:43+05:30,UPI
TXN000272,82489638346578,7584419866524,40274,2026-08-27T23:37:39+05:30,RTGS
TXN000185,2199330833016,7584419866524,70419,2026-08-28T09:51:48+05:30,IMPS
TXN000250,67735925556258,9526949588879,92580,2026-08-28T10:53:04+05:30,RTGS
TXN000046,7584419866524,2199330833016,78978,2026-08-28T17:31:45+05:30,RTGS
TXN000572,584168784991,90784473647102,16889,2026-08-28T18:39:31+05:30,RTGS
TXN000546,7055169409749,838578652785,30289,2026-08-28T19:21:17+05:30,RTGS
TXN000054,53714732104,075626368970,92669,2026-08-28T21:05:01+05:30,NEFT
TXN000225,075626368970,54235116155940,81710,2026-08-28T22:43:11+05:30,RTGS
TXN000289,982258713971,7120826773454,87454,2026-08-29T00:47:55+05:30,RTGS
TXN000278,838578652785,03413164752,5416,2026-08-29T03:01:36+05:30,RTGS
TXN000574,400499154788,918785191088,70101,2026-08-29T07:11:27+05:30,UPI
TXN000447,07286790874064,400499154788,60253,2026-08-29T07:24:53+05:30,UPI
TXN000281,03413164752,96325953278774,11300,2026-08-29T07:56:41+05:30,NEFT
TXN000157,296685161227,3046374549904,11291,2026-08-29T11:25:57+05:30,RTGS
TXN000425,54235116155940,96001338908,14014,2026-08-29T12:49:19+05:30,RTGS
TXN000106,7584419866524,327279568783,69919,2026-08-29T15:29:54+05:30,UPI
TXN000625,90784473647102,00257872982,50527,2026-08-29T16:17:57+05:30,RTGS
TXN000228,48016245650609,7055169409749,35993,2026-08-29T16:37:09+05:30,RTGS
TXN000510,82489638346578,7120826773454,4343,2026-08-29T17:43:23+05:30,UPI
TXN000040,2199330833016,7120826773454,75102,2026-08-29T21:44:42+05:30,UPI
TXN000427,28743152742054,82489638346578,12455,2026-08-30T00:23:45+05:30,UPI
TXN000337,296685161227,918785191088,77171,2026-08-30T02:47:05+05:30,UPI
TXN000341,296685161227,7120826773454,24261,2026-08-30T09:11:41+05:30,IMPS
TXN000051,584168784991,48016245650609,74212,2026-08-30T13:32:52+05:30,NEFT
TXN000275,3046374549904,7584419866524,64014,2026-08-30T16:06:48+05:30,UPI
TXN000286,07286790874064,3017426841459,9020,2026-08-30T16:55:49+05:30,RTGS
TXN000122,41574733848,7584419866524,15509,2026-08-30T20:13:56+05:30,UPI
TXN000195,03413164752,584168784991,12571,2026-08-31T02:26:28+05:30,UPI
TXN000531,165585239868,48016245650609,33681,2026-08-31T05:45:46+05:30,NEFT
TXN000535,48016245650609,96325953278774,87184,2026-08-31T05:50:35+05:30,NEFT
TXN000201,96325953278774,03413164752,49296,2026-08-31T11:10:19+05:30,NEFT
TXN000394,07286790874064,7584419866524,78786,2026-08-31T17:12:44+05:30,IMPS
TXN000154,9526949588879,00257872982,3641,2026-08-31T22:03:02+05:30,RTGS
